UID,
100086445018708,
61561872343572,
100079897201002,
100080739634357,
100051022293443,
100091241359991,
100016926900140,
100021834558346,
100092213637730,
100044507545576,
100046384265955,
100041767874978,
100094281941905,
100063489315899,
61561688725037,
100081946413594,
61552779008262,
61562220393635,
100045015008455,
100060765171776,
100074822927301,
61563037378029,
100021788315401,
100036928544811,
100075873776504,
100061354483841,
100005210253506,
61555232265707,
61559893040572,
61557791486050,
61551748303972,
100032447355103,
100052267487992,
61562365563192,
100054434735791,
100064045922464,
100005060383479,
100004459415735,
100015573937546,
61551108502335,
100045989881682,
100027971056455,
100013803322550,
100006586937255,
61559241993512,
100053082819797,
61562494298971,
61553239684406,
100075119986464,
100071601083783,
100009162483524,
100051117249903,
61554940907554,
100079661681709,
100005216407195,
100029513703228,
100069431469729,
100083141641670,
100089674343748,
61561614283562,
61562068807905,
100037927690153,
100071403210413,
100072029832862,
100006774643561,
100034512401124,
100085323372444,
100092454116701,
100007574294603,
100024948241871,
100088965373150,
100028725126344,
100088516757386,
61557913221162,
61558420943577,
100022104672940,
61558083117862,
100015717095058,
61556278067565,
100087192343861,
100075885997781,
61555369598800,
61558443054765,
100055223767385,
100008109848053,
100004387274527,
100006430557681,
100042989512626,
100056277900090,
100071682673020,
100092236191071,
61560693024727,
100087493309733,
61562346602121,
61562246883460,
100061647600690,
100072868718666,
61552749347924,
61561331990075,
100076586201182,
100074577811330,
100057314857968,
100004053498014,
100007710371807,
100089180597152,
100007828574858,
61562380106175,
100002903438534,
100093104753664,
61552288432186,
100078447503476,
100091965510489,
100023891693045,
100077537407999,
61550771638697,
100089012891328,
100076937688200,
100064287341575,
100072965580238,
61562194688939,
100044936024242,
100004018154814,
100003251145509,
100002101677830,
100070063531445,
100073361516865,
100041722640837,
100022847231042,
100034096922753,
100048650533593,
100031769782154,
100079917862278,
100015507094876,
100027348708891,
100054228771356,
61556335926687,
100010920902973,
100093560981427,
61554442053217,
1823991836,
61552492916310,
100046169143414,
61557310382056,
100025090084358,
100021737918741,
61556274723973,
100080134631466,
100092974642633,
100091658954959,
100079901852230,
100087750668595,
61561631605049,
100074967950858,
100009061934519,
100057262950098,
61560259016484,
100050077389316,
100055456824395,
100091513038934,
61557447801070,
100009389237731,
100049438663807,
61558543649949,
100054252364880,
100045385546778,
100016923945911,
61559793484543,
100060543311008,
100003886863206,
100094627400811,
100011826103634,
100008024341421,
100081921911909,
61557358357630,
100091879609515,
100005698080167,
100065422151695,
100030555099461,
61561562410875,
100074216027067,
61554695397083,
100039723137504,
100044692121648,
100076453343880,
61551119310988,
100094601659573,
100075841244831,
100093008034152,
100006431168286,
100065479500576,
100082588238247,
100002907285628,
100058540286977,
61561456186767,
100037311934657,
61557532616164,
61558858394897,
100073681925423,
100082693292751,
100014213141125,
100080611844495,
100084038475726,
61557843816502,
100065620472106,
100052337590910,
100015320685273,
100038249453671,
100066236814148,
100094134226347,
100009314174257,
100044242380763,
100058567586192,
100009474421651,
100094875232843,
100070738875147,
100084292820377,
100022036420070,
100040258303427,
100054830405881,
100024855502197,
61550778300212,
61558632366150,
100072755591228,
61554743645876,
100090975664780,
100092377374595,
100003091101568,
100036605710181,
100094663451920,
100002130235375,
100003607681062,
100077677472244,
100080628565054,
61550747233039,
61550694484072,
61559722787779,
100077585434711,
100038903261338,
100074161562552,
100010153604560,
100009532290875,
61557830415932,
100070327936634,
100087496853518,
61551724704874,
100017534296806,
61556897071978,
100080428249749,
61550980568328,
100090684912923,
100091389857640,
61556414717920,
100092539191696,
100042721890305,
100033826508849,
100071351293578,
100051252654050,
100023421185376,
61560598307529,
61562002704075,
100024138420192,
100004068555189,
61554769720820,
100062733243745,
100070998436992,
61559186263548,
100091062322299,
100069492771250,
61561469094032,
61552457346898,
100035278501910,
100088411355990,
61555494842231,
100022588899504,
100034081957881,
61554162494023,
61558173998122,
100002487288274,
61553388476794,
100061139522726,
575750365,
61556236770111,
61555808593786,
100004257397622,
100083709760576,
100083900093495,
100011575055130,
100033331221689,
61553765604597,
100008443335789,
100022955964038,
100070513872663,
100011005148344,
61556437402397,
61553283673334,
61559782664317,
100041797455558,
100078363240447,
100091255225723,
61560637562513,
61550980598396,
100079031714377,
100084056168020,
100084325818752,
100081512199239,
61550639110338,
100011409628933,
100023046094100,
100088320441229,
100030267849724,
100093152855510,
100089964146332,
100028481102463,
100084589322427,
100065238858631,
100005665860595,
100032366523232,
100023838114064,
100049508286112,
100067808320143,
100012134044010,
100071015749889,
100081554658259,
100066923269541,
100006730775636,
100089904223087,
100087482253273,
100058119182804,
61556129444457,
61555879809789,
100082339088567,
61555837725147,
100070428700720,
61554331144102,
61555544991936,
100011231436274,
100005311391775,
100026153384705,
100090631322018,
100031492954259,
61558443751278,
100080756732851,
100090131926758,
100025762340826,
61559123139104,
61550705935324,
100088439577907,
100024655124826,
100009962232907,
100068214459057,
100002924061136,
100041671838509,
61555440361343,
100009314816892,
100011924204771,
100042029801297,
61559490400721,
100052886856484,
61560998909315,
61559931515543,
100008144942087,
100074311503268,
100063805413288,
100076630973085,
100080807607196,
100077945149113,
61551394607169,
61559821945387,
100077319956343,
100010648951325,
61559759288076,
100003737749667,
61560437122225,
61554861025590,
61558534686268,
100004061751791,
100068979656934,
100004417183573,
61552219175149,
100053246662522,
100072819588774,
100013747053095,
61560561963073,
100047268700422,
100066570737062,
100019196497950,
100063484884392,
100092527491096,
100070601949796,
100026995337210,
100090525773893,
61553377737233,
100003488360130,
61550969948949,
100013873776354,
100033387502490,
100002370662898,
100071895677816,
61554713633454,
100077167129249,
100037712628464,
61560639628978,
100095058525312,
100005422050703,
100078136806161,
100075281726890,
61560516085582,
61550186517630,
100066967802399,
100071008544481,
100007740853585,
100015843647385,
100024739838489,
100042343070979,
100015677224480,
100090573732393,
61552349687306,
100005160047958,
100010642999373,
100074953487266,
100080699267099,
100032961282029,
61555184137872,
100076179169456,
100005608659825,
100005492982505,
61559641912413,
100054808052781,
100062915786247,
61550311652067,
61560450943107,
100022703894042,
100068353068936,
100081280021176,
61557402524504,
100020150222028,
100081557952037,
61555799038866,
100008929022399,
61557634226378,
100003868015115,
100076147040552,
61557990812099,
100083946548298,
100083892883990,
100056980725764,
100006332291752,
100004410723303,
100083980007595,
100068028317596,
61552758329854,
61552735480563,
100068887616535,
100048876525266,
100080638685517,
61559699741453,
100026418814272,
61560509889619,
61556791511710,
100009141985546,
100026086044094,
100006291316456,
100073362368656,
61554217564792,
100016078861917,
100010995668689,
100058860011129,
61554695639906,
100004491840249,
61558227510245,
100095223545890,
61559300909908,
100083068374065,
100079617291420,
100056598836247,
61559784328344,
100089901225865,
100040232496947,
100010467579250,
100006039138749,
100010673712989,
100072737095664,
100011246116537,
100004834398339,
61559826460538,
100003273144043,
61560212237461,
61558097976036,
100006088932786,
100088209794556,
100005610391778,
100087587050633,
61554484373344,
61550527674489,
61550187536597,
100005684950656,
61559513227824,
100071106789476,
100000565712913,
61557055155908,
61551418835707,
100092039315859,
100081664836109,
100006789423013,
100051478955695,
100011216288928,
100087766604438,
100006457680180,
100034409431043,
100075716360802,
100058414070274,
61554542450529,
100007965843548,
100061650475169,
100075583431266,
100010564665391,
100018521590143,
100047767833123,
100014565431853,
61554011974590,
100030007988617,
100002807615281,
100048538941133,
100029150207822,
100004199911549,
61555982740205,
100090391904774,
100085942523986,
100030146015012,
100054948660073,
61556644528659,
100071131196616,
61559872456064,
100056208259521,
61560407406463,
100061340262937,
100094868121574,
100037494820588,
100008169184296,
61558471817429,
61560271841396,
100090547461020,
100041099389351,
61559648611444,
100065021628736,
100016828992864,
100065790633364,
61555435599514,
100083853814378,
100006059226961,
100044548789364,
100060469785919,
100065335815765,
100027280821690,
61559175069751,
100079951982458,
100010549667668,
100078703426454,
100024050361942,
100092311572514,
61553354851625,
61554971674298,
61556771512465,
61554825620075,
100033221837348,
100025301660457,
61560283987512,
100078134866600,
100094749912202,
100026070077463,
61560298261226,
100035467741153,
100009954455381,
100004776228630,
61555715171450,
100092635387650,
100053521093709,
100010128152335,
100054421935572,
100009968134981,
61560630442862,
61552502531198,
100086962265189,
100000722985346,
61560574404929,
61560550586091,
100078852973457,
100029783740335,
100073072621630,
100040441876607,
100052235513348,
100091808006829,
61558321890807,
100034089259297,
100024972466621,
61550534862751,
61559996047077,
100072830614525,
100005651942579,
100079313305887,
100090063327203,
100026288821958,
100094596414038,
100020283051039,
100085362580370,
100022658205844,
61550827533031,
61551997075142,
100095087943648,
100081121812271,
100092515541237,
100040348515081,
61560313761182,
61557829840355,
100026652699486,
100028265357864,
100054360812388,
100064043523748,
100001818226483,
100008047831834,
100052566977750,
61552564867191,
100085170972224,
100003276077835,
100001613981099,
100075097775773,
100073267115670,
100041952611887,
61557141058375,
61557087021251,
100009735017541,
100041128960161,
61550738075413,
100007149905587,
100092598231361,
100093249274057,
100069892662719,
100014478360503,
100000388526723,
100026513749996,
100002764723964,
100047000012229,
100001780096842,
100090145665092,
100043410553262,
100081939960484,
100045366912219,
61560243360242,
100064836823949,
100035417521927,
100048266643327,
100049011101638,
100078477607772,
100010033715812,
100076366704153,
100040733273590,
100000253845378,
100051600631587,
100000358977867,
61554213488164,
61555866555785,
100064666924869,
100000164545789,
100090082704100,
100024370385341,
100008083420482,
61555642627895,
100086873065179,
100069497511036,
100091249423503,
100080490637584,
61559652221853,
100034650107644,
100079510530184,
100056414949469,
100049030204003,
61552173295732,
100047964233626,
100052362000618,
100006008528532,
100054639362542,
61552155590810,
100092374823408,
100008900527975,
1463671512,
100091933658127,
100006240430951,
61553267302559,
100024655703068,
100073207315783,
100053970812585,
100052925768482,
100018616555695,
100024110897260,
100063391861326,
100011335601098,
100077885251794,
100035864983703,
100093572990387,
61556577500654,
61550627588289,
100005188533067,
100003965341564,
100035503191601,
100051926446899,
100015180435455,
100047414202329,
100070077023433,
100006320374519,
100078237653257,
100068504178371,
100095670604574,
100007902600439,
100081178173540,
100049336486973,
61558204536465,
100079135741216,
61551967475588,
100053089260787,
100029283587287,
100087167324659,
100004341001931,
100009001502560,
100069232076784,
61554249270417,
100087185633766,
61554569336404,
100035984280322,
100005247037718,
100004240862572,
100081864742524,
100049061206363,
100006134770064,
100020855708601,
100036719770695,
100078357092193,
100091374415564,
61556744465917,
61557360772077,
100080021951755,
100015856538135,
100030390938114,
61552307356165,
61551023123014,
61557444203107,
61553267954798,
100029085968850,
100024508637375,
100009478504607,
61558960904659,
61556314457209,
100090795866798,
100066534613917,
100082118862022,
100067626542079,
100093020550771,
100069497449416,
61550051722526,
100052425828129,
61554796135515,
100004120182702,
100059170638791,
61557109659612,
100007924805806,
100004967294602,
100002032085540,
100086537180097,
61559734864579,
100051348622795,
100089824161737,
100080258960768,
100092164596882,
61559722232365,
100051016461809,
100094625524262,
61550631703765,
100081145953562,
100068562513635,
100091246096317,
100094660384534,
100011766735263,
61554085364781,
100077404460520,
100004568706739,
100084683739607,
61557763360732,
100027564291627,
100084468166807,
100082697141502,
100031522476523,
100061651925062,
61550907449535,
100033884603057,
100085063730456,
100005685103821,
61559392770486,
100053291550394,
100042481459998,
100084118358676,
100061680189921,
100034531403222,
100022583087000,
100006070724610,
100091400781682,
100044253736625,
100011366141400,
100066854765359,
100025549397668,
100072491373561,
100067665092184,
100033246012274,
61559195411944,
100089052274480,
100064005589221,
100063654210807,
61552610385874,
61551004348042,
100094128650015,
61551631885364,
100082680494562,
100023999685659,
61558396592850,
61557215954554,
100054423754078,
100086877765468,
100074993004529,
61550929690785,
100077646184653,
100084894912406,
100003909885310,
61553719023425,
100017665206007,
100010665769270,
100084999330847,
100091489182502,
100056116022985,
61557415615536,
61557053860862,
100094459360739,
100092435898363,
100006657466765,
100009765549106,
100092722742988,
100085053216414,
100056275174281,
61556452156981,
100049260931175,
100016013595694,
61555144509604,
100013538861247,
61559392138179,
100075280141907,
100094408398980,
100078690226528,
61559105409758,
100044082053484,
100007397119093,
100025471239501,
61551254102332,
100003893300966,
100007874262682,
61559314289339,
61559160155463,
100023762570870,
61550898585841,
61557669697884,
100057862384407,
61550097961246,
100064559494029,
100033187912665,
100090062572772,
100095316698689,
100078559893594,
100013271974643,
100038569067297,
100094931473833,
100074763183488,
61554864490523,
61557412620858,
100095268428255,
100067602378424,
100025192057383,
100091380977403,
61559129280191,
61556930916521,
100013627694913,
100057980169163,
100005977983110,
61552529056075,
100046858509145,
61559206135141,
100058905721420,
100086650491557,
61552166911679,
61552715615797,
61556898463879,
100043430346005,
100090438990316,
61559271950643,
61553314431545,
100066009953343,
100056655442305,
100002999254500,
61554372300187,
61552690839945,
61553648037772,
100022862626178,
100080190122497,
61550308970337,
100010096571629,
100044082563562,
100092675962614,
100029727068398,
100093018245018,
100051812478394,
61550104072848,
61550033077179,
100022014257771,
100085972710044,
100048625143250,
100074311443026,
61553159714881,
100038241681093,
100030779003169,
100035685007620,
100006873578319,
100055551605125,
1089955045,
100073596155283,
100033623892773,
100090939815043,
100009727965128,
100090808351269,
61553889305355,
61558816590637,
100080980762529,
100081872691581,
100028281108780,
100054762504441,
100004492363891,
100016312878697,
100051405162134,
100029575941470,
100040955990814,
100087612654435,
100083151082598,
100009949207236,
61550345762463,
61557515413034,
100002767945563,
100009494110524,
100090140207916,
100070221640131,
100023881112709,
100040339449292,
61551575416977,
100085867482636,
100040982648873,
100039435613930,
100008830484963,
100080220440168,
100014353666837,
100066494036841,
100026216298431,
100018340071979,
100066534084698,
61556901638300,
61558486288791,
100087396040873,
100070904425957,
100070718106797,
100090029803283,
61558608901047,
100080501540516,
100049577123905,
100012742901331,
100083520431283,
100093348483434,
100082459215731,
100066211450798,
100080739415626,
61557710356061,
100015042640938,
100074075506604,
100094374775656,
100086093847981,
100042701891565,
100037517054761,
100025332221195,
100095339652630,
100070644094012,
61550042998949,
61551075478766,
61558071881633,
61553284628038,
100045308958679,
61554446517805,
61558125253921,
61557581824192,
100081767812744,
100006428533230,
61558489946229,
100067590430197,
100094095930029,
61558466041013,
100086618604144,
100077922152419,
100062484457498,
100074498918541,
100028298023056,
100090854933959,
100055674219508,
100048585156644,
100022472228002,
100047393541847,
100003511613940,
100092346382893,
100006586660975,
100073694951454,
100081960052022,
61558083509024,
100003972218279,
61556515389662,
100093380663071,
100003150136963,
100077928173624,
61555311721698,
100094512422906,
100005278483540,
61554883517778,
61556586731899,
100012364751282,
100009319640594,
100002842030515,
61551716444651,
61556652008267,
100004954122364,
100015853864784,
100009932898873,
100043971350650,
100004725609181,
100003796348931,
100078139846670,
100051187896705,
100006831184982,
100059156950057,
100058726592319,
100025181047388,
100017716932386,
61550306347028,
100084315854480,
61550812298687,
61552338957106,
61557713896822,
100074650901744,
100012945795271,
100026748544621,
61557856040421,
61554118826437,
61553628741097,
61558093919589,
61552163606872,
100004616404063,
100043944444359,
61557723672047,
100054763653548,
100013976436141,
100087055688096,
100011737744669,
61554410295778,
100073189766542,
100070209446258,
100004027249325,
100028521038464,
61550049576728,
100089575332735,
61553234230583,
100023168951800,
100074410576730,
100005175163159,
100088431690614,
100062143503909,
100027445533436,
100090640267949,
100042294531413,
100004178351050,
100092260613465,
100075399806123,
100027569136593,
61556361545446,
100088982223147,
61557734581144,
100040917031672,
100015284204304,
100083220417637,
100011576134981,
100082955449957,
100088899052533,
61551062377959,
100052261366536,
100059563915471,
100085356236783,
100043291500019,
100005659511308,
100035523468763,
100027071479021,
100005251129016,
100091296619193,
100008692478854,
100056714013141,
61556629708962,
100051761390408,
100005123020003,
100089761906914,
100022380696751,
100072265114818,
100017543239038,
100059298745994,
100005411251602,
100005315741107,
100087266994711,
100001639389849,
61557574140936,
61553188141798,
61553859173355,
100041875124074,
100093794554700,
61553848919942,
100050586472372,
61553233620969,
100009467131318,
61553054529419,
61553519540305,
61553405784497,
61553049638980,
100095048228687,
100095062658253,
100094598576626,
100095035809325,
100094913112274,
100052014353489,
100069460020095,
100094021136921,
100029169710327,
100008395397067,
100006934149490,
61556595634273,
100079465329725,
100069797096833,
100061124378532,
100005957058688,
61552212355220,
61554167846064,
61557571710795,
100024847694249,
100049703127008,
100001916296391,
100007903864459,
100053672104881,
100029104415449,
100064156147592,
100039351411664,
100091881466477,
100039410710182,
100035945200582,
100058924575117,
100087229092019,
100021551179918,
100084861077694,
100085073395996,
100080354524506,
100080418577569,
100057700879725,
100089294505725,
100083968720134,
100040579535362,
61556375709489,
100006304202191,
100036457250541,
100015218707514,
61557119829356,
61555682066738,
61557619372481,
61556775857180,
100053049973413,
100085457769165,
61552234283466,
100087159595586,
100043185134631,
61555046124477,
100021602803394,
100080364133210,
100013837216019,
100007144188865,
100036506779063,
100001969150840,
61555684802987,
100073545101279,
100051002984626,
61557449426017,
100011118273280,
100011226129620,
61555905883690,
100046025655891,
100007097587834,
100063481993027,
100083657289699,
100080257594622,
100034456189663,
100046682419000,
100004374556868,
100082126555369,
100012808484174,
100085730108844,
100006005135502,
100094657937968,
61556943212142,
100000832667834,
100013217627139,
100010461257173,
100077871746146,
100059343701682,
100027968794659,
100045038163729,
61557112680937,
100047300100929,
100004343322136,
100091617162950,
100081548469483,
61554510424460,
61556792993449,
100090287931983,
100054024067574,
100002999359267,
100011376767582,
100074951226783,
100058086587912,
100043978413323,
100035419614030,
61552680562262,
100014303015598,
100004018605503,
100008936379464,
100010688193152,
61552533395738,
100076182540431,
100040857368069,
100051104529126,
100032162034192,
100048557863104,
100004158226324,
100056741470143,
100084235897672,
100024727511348,
100068775762354,
61551726786548,
100001131768925,
100059680572490,
100011900056726,
61557066380668,
100040723394612,
100032862273902,
61552310403823,
100027519444316,
100006895573169,
61556200138666,
61553507981951,
100004093205308,
100073011052711,
100063358940327,
100069461482476,
100039509940786,
61551467240601,
100004755939814,
100003096351025,
100070958444994,
100003979080347,
100039639105350,
100088732406109,
100094728638420,
100071802350403,
61553680267521,
100040474304016,
100092687371615,
100015099750761,
100092029513915,
100067948097952,
100086632271915,
100094101740041,
100026667917840,
100026298000128,
100023888143873,
100004368750972,
100069567006328,
100091339335494,
100006614670852,
100022438762282,
100040239880461,
100006766804496,
100086542437547,
100026718547339,
100024650259018,
100003620837648,
100087308258607,
100004164905748,
100038404793196,
61556400481422,
100007745925945,
100025955873823,
100089585198223,
61555640860912,
100081104417611,
100087180074714,
61551714153681,
100013768844940,
61553761712711,
100087342720090,
61554651590760,
100007507230364,
100081927969206,
100089248494839,
100063775114420,
100078450909099,
100000240677609,
100006430256347,
100019134483447,
100013472168854,
100045981067834,
100091299076956,
100003694532628,
100005873834135,
100036349608730,
1482868200,
100090578996551,
100014905992197,
100003253610112,
100086313192083,
100008645505667,
100013255808907,
100082614896961,
61550627270830,
100095671201872,
61550032184391,
61550589716177,
100092144414043,
61554120713163,
100087068220308,
100092241743288,
100008345988920,
100000082128137,
100004404788182,
100023013691724,
61552215190323,
100026104953679,
100085849492954,
100049075743417,
100007945202489,
61550704566541,
61550727244082,
61550535347434,
61552205874920,
61550744729671,
61551991654925,
61552230712929,
61550982507368,
61551841691404,
61551809714968,
61550716325511,
61550992100898,
61550228026115,
61550864909029,
61550782890951,
61552105949623,
61550518247819,
61550866171371,
61552082490969,
61551007010869,
61552149716930,
61552279461764,
61552310812253,
61550676676555,
61550958398876,
61551902709876,
61550735617306,
61551801223975,
61551050390561,
61551775485304,
61552148127009,
61551747796876,
61552282461751,
61552205303978,
61552345070668,
61550578601943,
61551952325237,
61551014483370,
61550674689095,
61550882967330,
61551907598564,
61551012201604,
61550967715360,
61550953764750,
61550734645671,
61550944779154,
61551721217634,
61551816014278,
61550614361817,
61550586585785,
61551827533372,
61551854140855,
61550497306250,
61550985563257,
61550577134897,
61550926194885,
61550650542104,
61551820873966,
61550674986312,
61550567863415,
61550554453916,
61552119599228,
61551613855815,
61551250479105,
61550626722004,
61551340884855,
61552194864570,
61552005004986,
61550784512165,
61550832104980,
61550657882635,
61550853749619,
61550735703258,
61551780726811,
61552182235251,
61550604395851,
61550894700569,
61550596870936,
61551840582281,
61551306386025,
61551744077068,
61550796662975,
61550952069562,
61552124968244,
61551230283316,
61550645530002,
61550227906009,
61552090229940,
61551508081072,
61552063081043,
61552310481470,
61551831193077,
61550822406193,
61550968162386,
61550758561951,
61550633050600,
61552143237111,
61552347740470,
61550758926409,
61551746447741,
61550756163564,
61550715183186,
61550686598609,
61550565796051,
61550856270111,
61552118189291,
61550825251963,
61550951003380,
61550823173582,
61551750317458,
61551006020199,
61551922927154,
61552132078590,
61551455210167,
61551801734299,
61550995521062,
61551506371477,
61550606626828,
61550708914409,
61550613101606,
61550893945601,
61552201225079,
61552010314571,
61550906966774,
61550944915618,
61551641964438,
61552103940068,
61552133548592,
61551830863350,
61552354340153,
61550715964256,
61552103909905,
61550691396953,
61550601372251,
61550673884090,
61552195675380,
61551766065661,
61550627919577,
61551245499382,
61550876638249,
61550786100431,
61550949744491,
61551013070192,
61550733094467,
61550864578477,
61551014301088,
61551505261389,
61550800831214,
61551100627558,
61551794562957,
61550975093426,
61550927756215,
61550786017603,
61550563515207,
61551316614587,
61550521995977,
61552040883294,
61550676067293,
61552065271912,
61552219074394,
61550823870130,
61550678738443,
61552003955036,
61550816461858,
61552036743292,
61550597203094,
61550723728965,
61552192495647,
61551995165420,
61551049546745,
61550815565481,
61550869409646,
61550814269457,
61550793361998,
61552075291443,
61550911397678,
61550824683715,
61550996837022,
61551579387761,
61552144078044,
61551876190728,
61550884977757,
61550994985645,
61551786282215,
61551418979101,
61551036257469,
61552346060536,
61552350200271,
61550954634690,
61552122629138,
61551691370464,
61552041483119,
61551571551008,
61550828039618,
61552054352517,
61550215725381,
61551446374455,
61551061299688,
61551550769070,
61550995161044,
61552188685679,
61551998015131,
61551820482835,
61551854500503,
61550971371678,
61552040373249,
61551934383640,
61552028313685,
61551905679722,
61551875350254,
61551077558679,
61550621590142,
61550878107463,
61551004524856,
61550552864137,
61552121009060,
61551480539517,
61551099719038,
61551710927040,
61552319782067,
61552121728940,
61550331614668,
61551624805324,
61550746292387,
61550933843195,
61551998915113,
61550568796135,
61550653480358,
61551960005370,
61551119541500,
61550893315122,
61551865269037,
61550693465381,
61552321281420,
61551352951211,
61550819461163,
61550704445260,
61550819011943,
61552115159407,
61551784001341,
61550683895820,
61550937294669,
61550174297595,
61550496133913,
61552140774169,
61550738074800,
61552210913607,
61552053902066,
61550888756344,
61551754905976,
61550930792506,
61552090589979,
61552020363572,
61551431818367,
61552343840814,
61550652699922,
61552162346582,
61551031701376,
61551787961618,
61550901267534,
61551120863730,
61550871928818,
100003662518109,
61550974643669,
61551382703127,
61550934715946,
61550777736077,
61551774666460,
61550693170920,
61550807851385,
61550892388727,
61550665898461,
61551747196714,
61550643907657,
61550986645514,
61550761293849,
61550897368465,
61551904298532,
61550802084736,
61552094850510,
61552126858878,
61550739754202,
61552123019147,
61551913477980,
61552172665669,
61551309331510,
61550834762354,
61551852190620,
61552008843813,
61550265464821,
61551855937596,
61550849459946,
61552236862700,
61550829270957,
61551850540747,
61551704595780,
61550754184834,
61552192284765,
61552334751280,
61552324280812,
61550978180646,
61550711075984,
61550878348406,
61550859663656,
61550744642303,
61551270384966,
61552162946046,
61551855817538,
61551818083381,
61550939362670,
61552047721856,
61550968976030,
61551027143953,
61550333803624,
61551895930372,
61550822399983,
61550725683464,
61550716478456,
61550883269665,
61550911780984,
61552169725814,
61551889629637,
61550629630633,
61550907265508,
61550666946889,
61550960727587,
61551707806056,
61552348310549,
61550511642650,
61552000655082,
61550998767766,
61552237973452,
61550987632843,
61552040793220,
61551747437046,
61550503363613,
61552008153990,
61550764225018,
61551912488833,
61550241193564,
61552167265845,
61551521004009,
61552093859695,
61552011813683,
61552240373404,
61550522807961,
61550820838837,
61552262722079,
61550830861245,
61551876789717,
61552107358877,
61551095270285,
61551908348375,
61550604306305,
61550934206165,
61550998731824,
61550930904128,
61551749327350,
61551935406400,
61552151996764,
61551901838756,
61551001583429,
61550980011688,
61552008093840,
61550671089332,
61552005634933,
61552139638237,
61552054561880,
61550898055785,
61550867100914,
61550829934793,
61550952241044,
61550811870649,
61550874152767,
61551905259637,
61551744106828,
61550610942651,
61550870037032,
61550878437779,
61551800864142,
61550855913759,
61551912698882,
61552177466247,
61550704866191,
61552086869850,
61551839111886,
61552179716305,
61551130910438,
61550710115947,
61550653208341,
61551770615323,
61552332561291,
61551737657482,
61551032784848,
61550731446773,
61551780695968,
61551811154471,
61551940117032,
61550607974226,
61551038002661,
61551706246026,
61551833892022,
61552176895540,
61550605962082,
61551251305568,
61550762371832,
61550681315613,
61551006381862,
61550581394992,
61550912128870,
61550834101137,
61550804877661,
61550892582622,
61550695204079,
61550593116519,
61550686918323,
61550613824278,
61550972543272,
61551457580599,
61551020451830,
61550553555403,
61551032344644,
61550668539607,
61550906185714,
61550787994359,
61551015110697,
61550582147168,
61550627533702,
61550989761608,
61551688820619,
61551000534744,
61550635989651,
61551094890815,
61550651022620,
61550816822734,
61550588927490,
61550957875826,
61550867490177,
61550822190428,
61550861969031,
61550801520044,
61550802871555,
61550548427524,
61550866198056,
61551031701634,
61550849938526,
61551540805979,
61550547495740,
61550841898911,
61550618441157,
61550710027261,
61550981604360,
61551810883924,
61552238901952,
61551998704353,
61551363067712,
61552211123684,
100023211588444,
61552104775950,
61551354680552,
61551569728088,
61551675831998,
61551444154376,
61551944164893,
61552094549007,
61552240221777,
61551374572050,
61551098054034,
61550931504887,
61551527850102,
61551609565621,
100013564655605,
61551514200637,
61551561748381,
61551465141257,
61551566067995,
61550991163531,
61551571558083,
61551880180097,
61551039887341,
61551750736271,
61551880540101,
61551831462308,
61551683960944,
61551764594702,
61552001434262,
61551841811411,
61551571047982,
61551299018091,
61551929286872,
61551793872585,
61551396504566,
61550957678920,
61551804070346,
61551061965946,
61551773984489,
61552054201741,
61552066590904,
61551423568634,
61551029512555,
61551557938789,
61551500191365,
61552261161992,
61552026332706,
61551897429166,
61552313751319,
61550931400335,
61551432755008,
61550683420615,
61551116203268,
61551502141334,
61551812413960,
61551936876228,
61550958117765,
61552165164235,
61551823152902,
61552209232445,
61551689087465,
61552223843294,
61552132977633,
61552256842149,
61552045202108,
61552200444068,
61552087290031,
61551548608967,
61551664672960,
61550920828849,
61552145937033,
61552198284497,
61552030862698,
61551938916355,
61551936846352,
61551973475040,
61551750255095,
61550971582618,
61551785321328,
61551735437927,
61551732827681,
61551914287823,
61552025522902,
61552098809316,
61551399216414,
61551348104671,
61550865244198,
61550522949751,
61551005512973,
61551063454179,
61552295871589,
61551245666800,
61551953465146,
61550725565294,
61550972756905,
61550966186762,
61550999991856,
61550653083174,
61550698176286,
61552062361146,
61551067700568,
61550735943416,
61550525117212,
61552114498911,
61550890201752,
61550753767236,
61551880030470,
61550795667309,
61550798614200,
61550808840212,
61552096529341,
61551581517612,
61552319181216,
61552324250899,
61550934539023,
61552138617225,
61551915517771,
61551925267238,
61552152806731,
61550576173412,
61551737807515,
61550655947153,
61551073282600,
61551954994945,
61550735098684,
61552098119389,
61551733637886,
61551432724991,
61550923555315,
61551797892914,
61550633052004,
61552097759374,
61552315281335,
61550717734990,
61550758980193,
61552337450271,
61552241092891,
61550538764455,
61551856537419,
61550641953582,
61550758298091,
61551887920095,
61550579173286,
61551851290803,
61550898141245,
61550699437840,
61551578637656,
61550943870740,
61551841901340,
61550333176333,
61550952383700,
61550613494789,
61550889808644,
61550589463006,
61551621925492,
61551990724121,
61551915067925,
61552119988709,
61551048983462,
61551791202166,
61552246042166,
61551105680345,
61550189386140,
61550560034490,
61550763721929,
61550978122510,
61551732287867,
61550602806377,
61550665472306,
61550956499826,
61551073832685,
61550663108324,
61550949687799,
61550995610854,
61551009231100,
61550837105697,
61550490915743,
61550867490168,
61550634303318,
61550907963500,
61551033275046,
61550710146460,
61550813716135,
61551903278831,
61550600717104,
61550585475164,
61550546836868,
61550999455901,
61551789581849,
61552101539091,
61552160545980,
61550682991324,
61551863950515,
61551000083133,
61550662416944,
61550918305485,
61550486685647,
61550772241278,
61550802932383,
61550917316143,
61550751755080,
61550889800896,
61550938916519,
61550240975250,
61550624740380,
61551009951453,
61551856866937,
61551628315139,
61550790076053,
61550706370613,
61550643943446,
61550755445854,
61551679461224,
61550796186242,
61550540879113,
61552000624343,
61551589257194,
61550772422399,
61550929374726,
61551778956114,
61550989597680,
61551094610158,
61550669742566,
61550863047705,
61550939487471,
61550652790521,
61550798130147,
61550822189072,
61550718425915,
61550763001859,
61550798683958,
61550868449437,
61550791441379,
61552190784713,
61551086213571,
61550743681312,
61551443817843,
61550976623318,
61550929914962,
61550667668472,
61550957904655,
61550895522056,
61550574733338,
61550907541191,
61550941946202,
61552027113031,
61552068150820,
61550866679417,
61550952689314,
61550482329254,
61551132339239,
61551021921927,
61552133847486,
61550783589133,
61550472203727,
61550816039950,
61550764687467,
61552244332192,
61551034521315,
61552316901152,
61550662990106,
61551828492158,
61551098450116,
61550717014760,
61552000534233,
61550651833386,
61550607701505,
61550570207907,
61551732947648,
61550682429932,
61551362910995,
61551835871621,
61552040702103,
61552285490919,
61550880985329,
61550701356770,
61550789911640,
61550726408075,
61550620695913,
61551087680428,
61550737417340,
61550760873686,
61550817119706,
61550582623673,
61551084666928,
61550704296385,
61551746146737,
61550754603946,
61550791913311,
61551432511728,
61550593454380,
61550821111208,
61550957334554,
61550557874247,
61550841778950,
61552212263556,
61551088282022,
61550850239588,
61550707655424,
61550759703650,
61551202782122,
61550749445260,
61550653570159,
61550623719785,
61550909189809,
61550765215499,
61550797590840,
61550679222135,
61550961175616,
61550580583987,
61550872798600,
61552273251598,
61550669438689,
61552235632487,
61550692806889,
61550637789110,
61550786971286,
61550791110824,
61550697905086,
61551106363903,
61550936694592,
61550667458487,
61551314018369,
61550851559469,
61551001377934,
61551773194695,
61551852909231,
61552198794324,
61551005242405,
61550788495622,
61550221247993,
61552314471226,
61551016025389,
61550590693275,
61550931232905,
61551057561690,
61550693256098,
61551048557287,
61551657203602,
61550699645346,
61550705106363,
61552113058611,
61550784334388,
61551550079327,
61551506544315,
61550890437313,
61551913237977,
61550687525732,
61551508111140,
61551839561642,
61550106587496,
61550994083396,
61550832240484,
61551667942527,
61550734145832,
61550804015315,
61552332800386,
61551017032594,
61550671152878,
61550759343970,
61550699436121,
61550477796827,
61550671296563,
61551204244551,
61550846781812,
61550914587743,
61551817393784,
61551157949695,
61550918759027,
61550821950255,
61550362937034,
61550543145055,
61550535077015,
61550804495574,
61550746265154,
61550733637085,
61550981752411,
61552125837962,
61550789580501,
61550680351006,
61551822700983,
61550969302651,
61552239412392,
61550675767477,
61552045112096,
61552199304271,
61550961924095,
61550561536922,
61550708827106,
61551011780047,
61550976957364,
61550609683158,
61550864877388,
61550904028000,
61550804997633,
61550629124920,
61550724520982,
61550813746205,
61551564501681,
61551082310698,
61551835091856,
61551008270628,
61550539757849,
61550600555145,
61551882760099,
61550758833184,
61552225373166,
61550577071343,
61552140177017,
61551073011148,
61550037287626,
61550664637343,
61550676429077,
61550674536460,
61552181665163,
61551424491830,
61550800649409,
61550582175111,
61551064726019,
61550809770998,
61550988953487,
61550758952858,
61551253802489,
61550969812312,
61551002665133,
61550759400650,
61550602328836,
61550772206597,
61550701295283,
61550880535318,
61551794802573,
61550569273953,
61550780553755,
61550830679029,
61550963486457,
61551001885448,
61550911378079,
61550526167946,
61550844662213,
61550833859133,
61550742153039,
61551006982005,
61550996845311,
61550992523514,
61552200743830,
61552230142693,
61551990604143,
61550933516129,
61551067701887,
61552201944024,
61550676247376,
61551037373560,
61552029992902,
61550995731603,
61550859154674,
61550608931029,
61552024503187,
61552013553669,
61551807341347,
61550663885916,
61550581364997,
61552118668433,
61550811906668,
61550787180744,
61550596484136,
61550623329844,
61550838164518,
61550749329997,
61551059513444,
61550736005842,
61550721423534,
61550664601360,
61550814899263,
61550903428119,
61551936606301,
61551884500233,
61550779650933,
61550568315928,
61550596151463,
61551816163619,
61550555833234,
61550825669987,
61551376854252,
61550564445014,
61550632484958,
61550772961643,
61551061113360,
61550989198581,
61550656688848,
61552082879938,
61550927367314,
61550643909641,
61550656782094,
61550700396835,
61550598461622,
61550674242363,
61550350036178,
61552174405354,
61550242246491,
61551233816273,
61550883925280,
61550675581593,
61551439071632,
61550921544416,
61550687281156,
61551860797795,
61550567803685,
61550647747754,
61550914440434,
61552074900292,
61550843339295,
61550933035610,
61550331014426,
61550950824729,
61550529107503,
61551024774808,
61551925117135,
61550986884037,
61550772752988,
61550709310203,
61551871538708,
61550891850300,
61551228566806,
61551097730087,
61550901145466,
61550645352949,
61550721429443,
61551921907309,
61550805901438,
61550993901300,
61550843850507,
61550632629023,
61550621684821,
61550977794006,
61551785984134,
61550650958537,
61550482786116,
61550697455750,
61550926648791,
61550903291298,
61550809861003,
61551864877885,
61550671985363,
61550894666383,
61550240745380,
61551128399529,
61550694399893,
61550789731349,
61550593513415,
61550658511987,
61550779350324,
61550994833393,
61550662298950,
61551885700256,
61551081410707,
61550789163165,
61550772182792,
61551698114968,
61550880720400,
61550679420854,
61551043910776,
61550713562888,
61550593154198,
61550469306955,
61550954095923,
61551921337202,
61550556645964,
61552131447743,
61550089007484,
61550657861833,
61552045920521,
61552015233571,
61550675052760,
61551026390783,
61551743986910,
61552107118872,
61550775270279,
61550801761439,
61550554185509,
61550867519796,
61550584393253,
61550601312617,
61550669558433,
61550907865767,
61550903070025,
61550738320603,
61550704865651,
61551792222153,
61550811120795,
61550679068629,
61550624439809,
61550604060804,
61551008274211,
61551802274224,
61551030324881,
61550542457712,
61550944614970,
61552082789937,
61550829149841,
61550670818325,
61550746083502,
61550857621047,
61550861182679,
61550766247489,
61551746926773,
61550939931848,
61550669797696,
61551443001801,
61552068510719,
61552174405241,
61550864609988,
61550847032451,
61550902281820,
61550922717308,
61550628160529,
61550349856165,
61552084829774,
61550578454518,
61551016223918,
61550590963985,
61550867794116,
61550655103662,
61550692836649,
61550657022526,
61550763421581,
61550954158082,
61551852190524,
61550861067067,
61550817566590,
61550644089799,
61550900900790,
61550996603247,
61550769812624,
61550846729328,
61551801432980,
61551763844860,
61551728567933,
61550937655338,
61551106702248,
61550683003213,
61550806053979,
61551033904052,
61550554185056,
61550900580332,
61550907715363,
61551885129815,
61550694216443,
61550765313467,
61550964743265,
61550955747614,
61551879190750,
61550960784341,
61550814689038,
61550755024745,
61550962917567,
61551047272422,
61551043760717,
61551939366255,
61550617126022,
61550611930845,
61552001794053,
61551819133093,
61552063321176,
61550962072428,
61550798163196,
61550917285947,
61550909304170,
61550673306673,
61552097939220,
61551091941500,
61550700131807,
61552048861655,
61551042052995,
61550703185539,
61550952059316,
61550746115348,
61550997890290,
61550991957077,
61550792280181,
61551404993887,
61552065751306,
61551910658751,
61550763997179,
61550751995037,
61551020870086,
61550845712107,
61550824800345,
61550741764487,
61551914857704,
61550757814640,
61551590697124,
61550590847409,
61551838241691,
61551089392821,
61551846611226,
61550694547949,
61550623845241,
61550672348188,
61551009710164,
61552191414558,
61551769514324,
61550518967074,
61550228506680,
61550678618794,
61550658730015,
61550837372629,
61550759492448,
61550644000217,
61550762940173,
61550568103654,
61550948608405,
61550738075656,
61550638360317,
61550769062242,
61552055071819,
61550732283735,
61551076224433,
61550743287719,
61551778176097,
61550860109099,
61550696700199,
61550566604209,
61552003474041,
61551707085712,
61550865659415,
61550729314782,
61551973414982,
61550656207975,
61551028403746,
61550611752588,
61550729410366,
61550763906279,
61552236622873,
61552019133299,
61550545665767,
61550959342521,
61550809682300,
61550898807338,
61551878470117,
61550889115749,
61550821312075,
61550652609248,
61550626022372,
61551020781055,
61550251123320,
61550834399171,
61550816551884,
61550877717700,
61550648228639,
61550302096741,
61550966037195,
61550700787618,
61550615164749,
61550834554490,
61550604515764,
61550851654035,
61550971401966,
61550703577415,
61551787721253,
61550998888661,
61550945221521,
61552225013066,
61550871541894,
61551944195956,
61552153406507,
61550839769905,
61550634490540,
61550911827044,
61552154876467,
61550741284719,
61552137717160,
61550909307775,
61550314712065,
61550712791578,
61550658008696,
61550894518500,
61551368841602,
61550774432715,
61550594887549,
61552221923426,
61550819249164,
61551047671826,
61550520851972,
61550888877574,
61552060111385,
61551036682910,
61550868291731,
61550941741106,
61550839770668,
61550978906206,
61550769781692,
61550913207825,
61550196464597,
61550810071296,
61551345044603,
61550860800303,
61552115488454,
61550572607022,
61550745692679,
61550246626147,
61550674059003,
61550721609848,
61551850360714,
61550818678935,
61550532077332,
61550854921647,
61551758145260,
61550683415997,
61552230442688,
61550856149346,
61550689896222,
61550906307933,
61550597410364,
61551015740065,
61550947584777,
61552144436907,
61550323546450,
61550557667334,
61550676938979,
61550812651254,
61550870113086,
61551802514274,
61552060651347,
61550573387596,
61551951454867,
61550476378041,
61550916025466,
61550534084673,
61550860887674,
61550597593755,
61550686537393,
61550687202719,
61550739115141,
61551073520255,
61552129377811,
61552241902331,
61551015500039,
61551001790866,
61552145366971,
61550839319322,
61551742157160,
61550783671226,
61550860798728,
61550607790653,
61550980102268,
61552332530550,
61550583882518,
61552320351179,
61551740177126,
61550832271207,
61550883391033,
61550895297263,
61551937926323,
61550783612468,
61550831639189,
61550819129017,
61550520371523,
61551021923557,
61550652882653,
61550964807102,
61550854858597,
61550554724399,
61550941584414,
61551894639475,
61550591886517,
61550917585522,
61552033622548,
61551046223877,
61550774521723,
61550673877037,
61550585892430,
61550668927502,
61551020572219,
61550962778947,
61550752142744,
61550672710551,
61552194744646,
61552316721138,
61550768702893,
61551811304469,
61550859898691,
61550797507236,
61550910566412,
61550976592725,
61550770165154,
61550471814169,
61551024201976,
61550512727440,
61550736038373,
61550721575144,
61550683056246,
61550891755897,
61551073352366,
61550856417587,
61550802694648,
61551006626039,
61550290217780,
61551834701958,
61550102256650,
61552198314567,
61551842621784,
61550991802471,
61550623991335,
61550778510426,
61550594924981,
61550947374433,
61550887346519,
61550860710849,
61551765344852,
61552152866723,
61551022014250,
61550959889000,
61551907298795,
61551057802245,
61550932856730,
61550602152339,
61551777365922,
61550968642919,
61550833290129,
61550980582113,
61550637101410,
61550897668561,
61550608121914,
61550850210226,
61551793244254,
61550629156779,
61551926587078,
61550763123560,
61550693773441,
61550667216548,
61550685937457,
61552228043088,
61550564836798,
61550685008649,
61552016583323,
61550842653792,
61550579263914,
61552084799925,
61550967952248,
61551127230065,
61550606408693,
61550673696802,
61550663468545,
61551008392581,
61550755089913,
61550840639111,
61550736034947,
61550945579672,
61551015950280,
61550952714841,
61550810182550,
61551770375146,
61552226963205,
61551830892259,
61550775727414,
61550937000871,
61552151636617,
61550074007390,
61550697877857,
61550803649233,
61550760116576,
61551076763542,
61550932690235,
61550736664936,
61550612500089,
61551351584731,
61550624199412,
61550727153962,
61550792911895,
61551696075322,
61551862357843,
61552322450986,
61551942546019,
61550697940159,
61550885486716,
61550661458938,
61551788711634,
61550724994454,
61551756795845,
61550724065943,
61551825552421,
61551005435764,
61550883928693,
61550727033585,
61550942933626,
61550803837104,
61551744947008,
61551775805981,
61550592701225,
61550853479688,
61550936514639,
61550748695331,
61550583043690,
61550716745654,
61550791025934,
61550834103241,
61551319915339,
61550547227038,
61550790482666,
61550596123990,
61551840821611,
61550551775617,
61550472562729,
61550789476761,
61551830862424,
61550821440761,
61550684439150,
61550996812347,
61550932167997,
61550683093211,
61551018620764,
61550992310990,
61551941676170,
61550677176837,
61550827441073,
61550712157860,
61550895506725,
61550954099073,
61551014840436,
61550676726504,
61552087470066,
61550588292456,
61550588183142,
61550783851626,
61550895360777,
61551952085282,
61550853868352,
61550885244417,
61550622250352,
61550293487084,
61550519837806,
61552223993305,
61552161356332,
61550626443957,
61550945019311,
61550656661867,
61550772661832,
61550653331782,
61550820749787,
61550624650936,
61550726553674,
61550900667300,
61551891039599,
61551936156328,
61550813264729,
61552068090803,
61550591413743,
61551699825167,
61550540563645,
61550770114288,
61550862927977,
61550721695840,
61550601194586,
61550966842038,
61550786221730,
61550664668727,
61550892117904,
61550801040756,
61551880450411,
61550505701415,
61550706729398,
61550989941282,
61550619452332,
61550518845923,
61550978035982,
61550619762528,
61550216686320,
61550688727523,
61550854618251,
61550708889179,
61550981747205,
61550930186873,
61550588653390,
61551085670198,
61550934628593,
61550869617548,
61550833917101,
61550930579028,
61552139727296,
61550899496348,
61550529526840,
61550980402926,
61550747493528,
61550775152448,
61551019160413,
61550746796433,
61550701775496,
61551092791546,
61550882702185,
61550653442674,
61550820959286,
61550697208516,
61550654439224,
61551008544714,
61551037403060,
61550884735023,
61551049563820,
61552181575263,
61550824353590,
61550580673138,
61552002241784,
61550700461113,
61551696015064,
61551872890135,
61550517587764,
61551746776445,
61551018322020,
61550645113016,
61551469743267,
61551841091089,
61550593517470,
61552053871617,
61550551570612,
61552210613627,
61552301931402,
61552156916400,
61550731173724,
61552163336082,
61552005033256,
61550919791058,
61552242712416,
61552089599765,
61551918367599,
61552021083218,
61551876249623,
61552195194505,
61551901449090,
61551349897675,
61552150884721,
61551699105550,
61551931656789,
61552312281393,
61552158716330,
61551882070388,
61552233682642,
61551781776360,
61551231190328,
61551749956218,
61551334238113,
61551842471436,
61552176775282,
61551921697531,
61551698085151,
61552080029816,
61551935736607,
61552028282931,
61551736007659,
61552340000089,
61551876309659,
61552070730632,
61552096018020,
61551790661929,
61551890649836,
61551752716099,
61551782650854,
61551936546520,
61551881649030,
61551888818100,
61552203774040,
61552115036758,
61552048079870,
61552144167227,
61551864184379,
61552029843015,
61552226243264,
61552230982843,
61552276191817,
61551736037701,
61551749956348,
61551818771144,
61552093259632,
61550940865377,
61552210461909,
61552258462128,
61551344864554,
61550824713068,
61551035122144,
61550869136623,
61552325480718,
61551345884616,
61552169485938,
61550974342924,
61552286991583,
61552143657133,
61550586525856,
61552312610860,
61551720857213,
61551083713964,
61552035302496,
61552279461691,
61551044267061,
61552153856455,
61550680237327,
61552097490091,
61551789791614,
61551907988386,
61550702110672,
61552112158768,
61552050241642,
61550812054325,
61551853330694,
61551855786920,
61551798402715,
61550764744324,
61552236712710,
61551833112061,
61551349094571,
61552166425819,
61550630771606,
61550845830813,
61551423755303,
61550817516320,
61552127518077,
61551869138580,
61550781870913,
61550818829525,
61551069105607,
61550576855505,
61551348307839,
61550702703803,
61550710895373,
61550562976609,
61551503191094,
61550616312398,
61550824471144,
61550883298962,
61552018832697,
61550915004180,
61551229540101,
61551009861963,
61550731955132,
61550658938143,
61551097274149,
61550911315820,
61550703305700,
61552324970054,
61551874600042,
61551214421125,
61550708586467,
61552133096881,
61550730595760,
61550213117558,
61551372277160,
61551950284399,
61551489691940,
61552095388679,
61551066354729,
61551068855971,
61551434271963,
61550350366680,
61551531869713,
61551875348655,
61551489362296,
61550885876365,
61550675585793,
61550517226741,
61550560814465,
61550757032150,
61550962102341,
61551545489342,
61550849811571,
61550678826686,
61550200666484,
61550628410412,
61550817149527,
61551723167631,
61550869228401,
61552179625508,
61550930905266,
61551035365958,
61551119953173,
61551001393063,
61550548806862,
61550824438965,
61550655578770,
61550657649021,
61550882697690,
61550539876812,
61550733093335,
61551668422639,
61550536485751,
61550884075522,
61550077157065,
61552037039767,
61550095177285,
61550606791556,
61551477422714,
61550712036498,
61551857107598,
61551504931308,
61552234402621,
61551481232387,
61552188533476,
61551883989954,
61551693974568,
61551853150644,
61551945875482,
61551803772921,
61552013613421,
61551833741514,
61551531233498,
61551102337569,
61550997043130,
61551362121415,
61551377452397,
61551482552689,
61551102524175,
61551463083388,
61551210461409,
61551484502419,
61551589347259,
61551615115822,
61551524039699,
61551133482698,
61551521400642,
61551539939648,
61551120313675,
61552232031459,
61551238360092,
61552143685737,
61551366457707,
61552040670316,
61551284018550,
61551999482598,
61552185924678,
61551536879506,
61551965852811,
61552246490624,
61551729377873,
61551529410154,
61551057826495,
61552192974340,
61551732827375,
61551425435346,
61551464403412,
61551875677853,
61552075888584,
61551362151384,
61551088905124,
61552004103547,
61552192343398,
61552181875019,
61552061579745,
61552206622586,
61551776494496,
61551904176363,
61551681771172,
61552148245197,
61551387713344,
61552149805135,
61551917646380,
61551841809590,
61551614665821,
61551868869290,
61552332591046,
61552190484252,
61551889299449,
61551247719480,
61551883748951,
61552111259510,
61552036203029,
61551865234295,
61552219280507,
61551015503869,
61551498211639,
61551026570531,
61551094574654,
61551558988749,
61551375517673,
61550970476425,
61551792579501,
61552092057605,
61552206772228,
61551438604445,
61552076818615,
61550712788475,
61551779224236,
61550665210661,
61550747734178,
61551641454436,
61551096643885,
61550855431436,
61550672736194,
61551804134062,
61550857680947,
61551058306363,
61551741227170,
61550669288380,
61551684741080,
61550527637992,
61551506371289,
61551260048820,
61550779115051,
61552092360288,
61551041387460,
61550570774737,
61552061311779,
61551935314857,
61551354017524,
61551414695680,
61551951814183,
61551115393245,
61551054946646,
61552056990705,
61550875950460,
61551821471788,
61551560428554,
61551669322541,
61551638424487,
61550564145087,
61550683595029,
61552325330107,
61551321428179,
61550707630648,
61550895060300,
61552174644524,
61552252462676,
61552175936034,
61552068870177,
61551101211012,
61551752504947,
61551656213466,
61550933519210,
61551802963744,
61551361161222,
61550644363855,
61551685910922,
61551086534675,
61552274691580,
61551356952252,
61552109367174,
61551589617091,
61551816969675,
61552162645792,
61550592286350,
61551592316926,
61551893980065,
61551343447754,
61552154213064,
61550886418757,
61551737717182,
61551807314676,
61552288402300,
61551068422530,
61551029387525,
61550613823909,
61552322930646,
61551235689865,
61550796180811,
61551151752410,
61550796475612,
61551678830980,
61551555058734,
61551674021704,
61551489751870,
61550871179277,
61551773431947,
61551812083397,
61550614092685,
61551251739196,
61550813311758,
61550641598618,
61550684849085,
61550614061147,
61552210463600,
61550731798252,
61551925267055,
61550602993145,
61552017363965,
61552111677986,
61551018775093,
61550796038019,
61550606623072,
61550812409722,
61551232016638,
61551107863480,
61551350977508,
61550883297568,
61550716353373,
61550691217062,
61550732884870,
61550606174123,
61550690321774,
61551019282119,
61550790815092,
61550938930544,
61550935950935,
61550949269406,
61550860653498,
61550911831738,
61551675081952,
61552021142542,
61550933634764,
61550973338886,
61552007524632,
61551952952033,
61550600717401,
61550786703564,
61551404796246,
61551787420807,
61552155325678,
61551119330220,
61552132856937,
61550276836790,
61550731797192,
61550302005712,
61551606356223,
61552228312446,
61551372651580,
61552147977338,
61550920770662,
61551458043428,
61551656663397,
61551202355191,
61550886536873,
61550605465419,
61551931206580,
61551372681726,
61550682671201,
61551532439716,
61551519713924,
61550583664883,
61551530250066,
61551053662409,
61551869709847,
61550902225785,
61550794177074,
61552055910371,
61551026305332,
61550038696906,
61551593456785,
61550874300675,
61552084260208,
61551109813569,
61552322240203,
61552232363291,
61550994921399,
61550722984363,
61550660084491,
61551008480598,
61551244029352,
61551370747378,
61551881919815,
61552197984274,
61550648262756,
61552156796215,
61551653153660,
61551847810742,
61551028011360,
61550995011914,
61551043967295,
61551785230971,
61551023721839,
61551613315913,
61550991653602,
61550484257124,
61550996963279,
61551205451361,
61551371301709,
61552171885944,
61551883329488,
61552319721060,
61550942650719,
61550599210927,
61551131622534,
61551411995708,
61552124397934,
61551462260715,
61552168885405,
61552122357948,
61550703877648,
61552262631808,
61551652253838,
61550873203706,
61551734807698,
61551100964375,
61550636623359,
61551859390476,
61550886627930,
61551041123257,
61551280718713,
61551455553962,
61551761264747,
61551530069729,
61551059862837,
61551810943906,
61551823663013,
61550871182378,
61552250481872,
61551037937845,
61551351007756,
61550861550270,
61551947825371,
61551393426708,
61550962648339,
61551497251450,
61551227770384,
61551107593438,
61551238389821,
61550605245587,
61550613135765,
61551401226417,
61550821803160,
61552332530162,
61552223632954,
61550603683754,
61551224560764,
61550987875333,
61550929735850,
61552016823254,
61550408716638,
61551089594635,
61550123766780,
61550768616377,
61551399156451,
61551928056759,
61552333580091,
61552037822363,
61550834283354,
61550254394320,
61552218922642,
61551998524431,
61550673275758,
61551366007564,
61551515820543,
61551925235528,
61552137838067,
61551932526306,
61552033862509,
61550680409294,
61551843671140,
61551032451454,
61550674117872,
61551240099657,
61552014122739,
61550630411530,
61550959913552,
61552044421171,
61550836501040,
61550825221198,
61551609116173,
61551722416471,
61552197534066,
61550833291141,
61551776045467,
61551253718975,
61550973532706,
61551531089941,
61551745546520,
61551052005128,
61551656873522,
61551636324663,
61551732347668,
61552119298011,
61552113628462,
61550888666809,
61551508621051,
61550936367274,
61551865837851,
61551837911578,
61550612230824,
61551057346216,
61550630744928,
61550668716855,
61551451984186,
61550567696052,
61551433954996,
61550350005255,
61550485425315,
61551879250219,
61552234281970,
61550901410948,
61550816304126,
61551083383668,
61550507382059,
61552258282451,
61550253736556,
61552119268143,
61550840993240,
61551409745885,
61552115187935,
61550071246932,
61550301913617,
61550841292727,
61552092839292,
61550960785226,
61552024862735,
61551885579768,
61551733487218,
61550848490246,
61551441274603,
61552074960187,
61550311996267,
61551555808423,
61550598075234,
61551399426523,
61552310451157,
61551258235891,
61551053294879,
61550611270279,
61550496429878,
61551924785055,
61551876098909,
61551162342150,
61551049216476,
61551993394885,
61550906240338,
61551160902258,
61550533594816,
61550632563374,
61550521597721,
61550612945351,
61550795790539,
61551616405571,
61550612980255,
61551814153613,
61551288518393,
61552174435966,
61550706304193,
61550749318315,
61550853658026,
61550790205113,
61550635537803,
61551422825376,
61551423965394,
61550802893885,
61551593606643,
61551035507313,
61550091576249,
61551491551947,
61551334598010,
61551763874662,
61550934420172,
61550820899140,
61550579054310,
61552333160124,
61551822192192,
61551395256713,
61551676011889,
61552102469125,
61551133431565,
61551114883190,
61550976081879,
61551485042305,
61551070430927,
61550704109488,
61551653033544,
61551221140555,
61550352916220,
61551808543892,
61551328838167,
61550968196591,
61552095899131,
61551564448302,
61551733127095,
61551096104333,
61551765914406,
61551727337689,
61551092503818,
61551015140046,
61551230260429,
61552169695566,
61551601766367,
61550563932404,
61550530091120,
61551546179297,
61550957337038,
61551254678950,
61550530935269,
61551894728014,
61550259407333,
61550645137205,
61550476739167,
61551434134670,
61552192284692,
61550764922129,
61551710296097,
61551363861498,
61551709850375,
61551649854157,
61552104595864,
61551478532563,
61550596510631,
61551367041431,
61550793571442,
61550657231642,
61551056266563,
61551260078695,
61550734834539,
61550637882949,
61550635027737,
61551883539736,
61550586372030,
61550581963422,
61550870636322,
61550576591510,
61550796539575,
61550871961151,
61551723974991,
61551488792427,
61550755711192,
61550900695410,
61551593456966,
61552125867720,
61550772421294,
61550469945152,
61551818472748,
61551028760622,
61550551534535,
61551223120903,
61551801732789,
61551497401775,
61552191473492,
61551531780158,
61551360861398,
61552000563737,
61551558088643,
61551096224639,
61551107593268,
61552115098089,
61550707748838,
61552185954259,
61551050986343,
61551711975837,
61552026602255,
61551780633738,
61551056121694,
61551558388746,
61551355987333,
61551464793374,
61550855263033,
61552029422661,
61550325584262,
61551762764589,
61551348974336,
61552051681254,
61550581633943,
61551745606629,
61551241713113,
61550729429046,
61550752787569,
61551500911528,
61551827322670,
61550606079748,
61551014783301,
61552022071846,
61551100003954,
61552128477002,
61552113898099,
61550994594548,
61551932164845,
61551670612635,
61551131772682,
61550977551427,
61550774288577,
61551815167530,
61550536421083,
61551151452439,
61550724397714,
61551565408487,
61551117103295,
61550622663763,
61550564746387,
61551354277805,
61550877691317,
61550639589005,
61551812384032,
61550591707524,
61551602276431,
61551938345979,
61552259631245,
61550929104827,
61550689267824,
61551433924975,
61551153402261,
61551561958587,
61552161055572,
61551769593829,
61551262268517,
61552041001697,
61550604037811,
61550755497671,
61550645531185,
61551192281970,
61550815854296,
61550978722088,
61550778664592,
61551497221743,
61550558085721,
61551723047304,
61550836934859,
61550570444787,
61551232780316,
61551527813606,
61551930814786,
61550927336350,
61552250692164,
61551406086165,
61550990332482,
61550705076710,
61551452494042,
61551474872651,
61550665321706,
61551941645957,
61550729075218,
61550984993421,
61550089991300,
61550649519676,
61550565765148,
61550623157830,
61550807873583,
61550656592910,
61552264341934,
61550814271206,
61550602290554,
61552266861133,
61550563093708,
61550610191777,
61551727157771,
61552130097810,
61550855429508,
61550665455329,
61551423718753,
61552174375551,
61551739847445,
61550592732321,
61552029660512,
61551226623907,
61550827739520,
61551418025694,
61551133325847,
61552239891788,
61551909397198,
61552146506931,
61552003113383,
61550640099919,
61551824502841,
61551854710085,
61551408869542,
61550839949137,
61550630080055,
61550966183333,
61550666401933,
61552170235650,
61550684614582,
61551006771683,
61550778301928,
61551120366675,
61552134086724,
61550771976650,
61550440185543,
61551400596840,
61552020902426,
61550874752502,
61551564958255,
61552030772646,
61550975787586,
61551426544983,
61551080378438,
61550697096047,
61551483055916,
61552180165005,
61552046010547,
61551649524105,
61550940343815,
61551596966770,
61551199782060,
61550651200588,
61550511497524,
61551488852384,
61552106278229,
61551246662885,
61551741286551,
61551757183332,
61552034162438,
61551402936397,
61552088935844,
61551908737555,
61551889239270,
61550890019839,
61551804071075,
61551521063775,
61550808599564,
61550679727721,
61551700423207,
61550875256831,
61552259631858,
61551036760670,
61552096438230,
61551908167728,
61551390906638,
61551658613651,
61551835061183,
61550842767994,
61550839499034,
61551948213413,
61550573561953,
61551159462517,
61550764743282,
61551542189533,
61550973134400,
61550477886529,
61552092869422,
61550699285790,
61550744372567,
61550483295730,
61550651769564,
61551422675309,
61551765792619,
61551692540539,
61552059749084,
61551367687383,
61552097129588,
61551218230461,
61550772128702,
61551700244914,
61552086059114,
61550779592851,
61550785382028,
61552067160812,
61552082878076,
61552014481192,
61551867009465,
61550944013980,
61551980853946,
61550958562913,
61550843819840,
61551784573291,
61551437824672,
61551699075056,
61550745789869,
61550916775617,
61552011933666,
61551057346358,
61550949640138,
61552024652221,
61551572757684,
61551224560861,
61552058429414,
61552256991962,
61551635874728,
61551209201288,
61550948453220,
61550685852692,
61551796932053,
61550729943763,
61551756645444,
61550928475712,
61551696438006,
61552133247553,
61551656783544,
61551404016320,
61550771078279,
61551231820308,
61550772218583,
61551001732324,
61551516840833,
61551790991221,
61552195283842,
61550561172805,
61551343297877,
61550893017804,
61551916836355,
61550730356776,
61551923136630,
61552307810159,
61551871748601,
61551917677709,
61550962168731,
61550623991419,
61551467313312,
61550482575193,
61550976443378,
61552191174535,
61551361777469,
61551763184891,
61550682792161,
61550019646685,
61551921457311,
61550793296367,
61550351774096,
61551869108869,
61552328510470,
61550615171299,
61552117528162,
61550941861341,
61550638543546,
61550732846049,
61552090019457,
61551122593462,
61550827019902,
61551697305148,
61552052581506,
61551922207279,
61551942965158,
61550020216933,
61552222823090,
61551077205156,
61550847268821,
61551942543925,
61551041154239,
61551139641273,
61550553016854,
61550554215416,
61551553409003,
61551694574318,
61552013913724,
61552210613502,
61552255461889,
61551250436849,
61550684707530,
61551857407081,
61550806917687,
61551880900133,
61550948911117,
61550649131280,
61550884795610,
61552332050143,
61550667068129,
61552159045923,
61551603686232,
61552172005409,
61550732698535,
61550568914940,
61552062720837,
61550870818507,
61550585287622,
61551867428102,
61550573474635,
61550708675915,
61552161984948,
61551356657884,
61551449044198,
61550700546114,
61550755749582,
61551884319998,
61550937382142,
61552178245130,
61551129021285,
61552165826073,
61551213448690,
61550913453228,
61550731229282,
61550772069198,
61550998162126,
61550673875204,
61551756255501,
61550520221713,
61550487615166,
61551863076894,
61551055726426,
61551776435717,
61551884020384,
61550726494630,
61550280107902,
61550487645715,
61552076549881,
61550734774731,
61552165735686,
61550583103173,
61550794021580,
61550664456389,
61550557185375,
61550890197214,
61550782921855,
61551951694580,
61550712148013,
61550665088331,
61552097638790,
61551806833821,
61551108103674,
61551918127811,
61550705196543,
61551819403584,
61551434374928,
61551711555713,
61551519990527,
61551885699721,
61551120432975,
61550706063045,
61551279398489,
61552226453098,
61551818651961,
61550620839126,
61550942664708,
61551475412894,
61550932440580,
61551372277298,
61551051143751,
61551218680815,
61550984602777,
61551708350357,
61551035514818,
61551208811625,
61550946541101,
61550970564232,
61550578274392,
61550613672174,
61550913419385,
61551867187645,
61551560128420,
61551833830888,
61550547794118,
61550753971216,
61551395519713,
61550735102513,
61550798164459,
61551540209633,
61551151538863,
61551946684060,
61550628938631,
61550701956900,
61550079317088,
61550641899094,
61550845677207,
61551704026025,
61550660561035,
61550823238231,
61550559699172,
61551373402060,
61551399696681,
61550668450245,
61552208962110,
61550748096008,
61550736963568,
61551926797288,
61550846255336,
61550842775727,
61551090113399,
61551780906068,
61550866378653,
61551926616885,
61551067996208,
61551147372457,
61550522566116,
61551265868673,
61550652758283,
61550517132768,
61551086834697,
61550514196516,
61551210221436,
61551033953452,
61551673912268,
61550868103451,
61550781930458,
61552239082384,
61550929763794,
61550608420577,
61550902134988,
61551622975453,
61551002872071,
61550559253764,
61551063412172,
61550682964777,
61550940083034,
61550671381633,
61551028940843,
61550726011703,
61550934359060,
61550882639022,
61551553348964,
61551460653801,
61550759401221,
61551221920623,
61552006354258,
61550561533385,
61551063106137,
61550876524174,
61551651384180,
61551603506351,
61551041747421,
61551351127878,
61551242979826,
61551383423081,
61552046491396,
61552233682341,
61551775333972,
61551634975029,
61550594830896,
61551810583609,
61551883419886,
61551651713872,
61551906248340,
61550342613628,
61551424145343,
61550547129624,
61551790302043,
61550598220627,
61550664966543,
61550528319810,
61550617269212,
61550954841969,
61552144796395,
61550494752720,
61551220597473,
61550866046575,
61550753643789,
61551789013920,
61551822312521,
61550586971493,
61551941734176,
61552327430085,
61551750496554,
61552190394158,
61551937295712,
61551972002885,
61551416998764,
61551025490455,
61550921604008,
61552202453722,
61551846338817,
61551967414916,
61550885455224,
61550632780920,
61551422401709,
61551891818581,
61550814060619,
61551089471178,
61551561865034,
61552194352548,
61551993364316,
61550819452080,
61550482395653,
61552134867466,
61550685817190,
61552009053577,
61551736546308,
61551535439966,
61551926706960,
61550788085727,
61550981773938,
61551054158716,
61551052873298,
61552198523398,
61550834181415,
61551503461492,
61552162014099,
61550793217825,
61550852452588,
61551059510949,
61551206621745,
61551405216238,
61551034060590,
61550675711160,
61552159765750,
61551807941745,
61551089324788,
61551102644011,
61551129282728,
61552342880453,
61551360277708,
61551689776654,
61551725930107,
61551216154176,
61551727580007,
61551324248250,
61551702380312,
61550953095486,
61551862207844,
61550797142918,
61551645564152,
61551334087898,
61551582387603,
61551059664831,
61550911713441,
61551646614224,
61551472923004,
61551293858476,
61551202121674,
61551676401987,
61552259691516,
61551571678057,
61551100693966,
61551673132196,
61551706005325,
61551215410942,
61551715847125,
61551334987959,
61551133122547,
61551861246731,
61550522355714,
61551010692153,
61551186428462,
61551252578970,
61551549959024,
61551396363374,
61550528745391,
61551309338122,
61550744497374,
61550962427781,
61550954259290,
61552069528865,
61550472227045,
61551113780891,
61550628464591,
61551674962084,
61551037733544,
61551048772618,
61551657323639,
61551665422836,
61551693077357,
61551138471007,
61550965814920,
61551385313274,
61552212953476,
61551209828060,
61551423425576,
61550582383618,
61551017714984,
61551033593827,
61551301898425,
61551768424819,
61551622135366,
61551400926856,
61551842949565,
61551565048195,
61551345672419,
61551103882535,
61551379612640,
61551441844500,
61552222822871,
61550479362056,
61551047833180,
61551238837118,
61552212952423,
61551798552125,
61550768379149,
61551617575698,
61551577317694,
61551113510089,
61551471536083,
61551588927334,
61551437581761,
61551787779755,
61550690112896,
61551244296124,
61551623991878,
61552250931826,
61552110117853,
61550829094434,
61550994257241,
61550786856257,
61550688575713,
61552222461711,
61550652100377,
61551228243651,
61550791171515,
61551371017413,
61550811684608,
61552107838545,
61551895838848,
61551625972408,
61551012314971,
61551385687223,
61551535439995,
61551245349500,
61550702197333,
61551233200156,
61551258099216,
61550744516918,
61551398916523,
61551668032516,
100063179340320,
100074378337699,
100010632876733,
100026385274591,
100046119051064,
61550787124913,
100081526986021,
100056818453594,
100035733812764,
100093137504336,
61550995580156,
100070382059452,
100077793423648,
100086705354390,
100042397290512,
100092724245080,
100080645137918,
100093052952763,
100084715204605,
100013646132113,
100013753832680,
100024890568311,
100093490660695,
100094048422122,
100024170525747,
100078115747333,
100093345110863,
100093534131701, Sc Trng
100093185573673,
100093438013273,
100093337638108,
100093267202039,
100093232433623,
100093171716830,
100093165356907,
100093512889347,
100093517359456,
100093295520408,
100093692100389,
100092674002684,
100093207935879,
100093084387251,
100093308613769,
100092725205431,
100091911105266,
100093213254373,
100093031005021,
100010708870239,
100092008750278,
100083186199555,
100093055843702,
100093117850267,
100092329497353,
100092576556620,
100092396603920,
100092687890057,
100092732107755,
100092601976946,
100092470432552,
100092407282741,
100092639022835,
100092700606686,
100092744167409,
100092565197511,
100092393483667,
100091847087325,
100092547714727,
100092176784369,
100092536459893,
100092551188875,
100090352400244,
100092725148094,
100092473959525,
100092693623348,
100091955790623,
100091621906493,
100073134462485,
100005045746009,
100045229670619,
100077227751393,
100027943500350,
100072449089345,
100091866753409,
100005855647145,
100074363294684,
100036707710284,
100048951892086,
100075456455910,
100076860431644,
100091728547653,
100071929772544,
100064583032657,
100045852440721,
100085056167384,
100048198229618,
100003204513137,
100003173649610,
100034298893088,
100006935526927,
100021928784719,
100040834343916,
100080508579432,
100065802995250,
100087268733386,
100090879535359,
100089748963339,
100068354778318, vin chc ton quc
100071689156552,
100000352470965,
100090656136934,
100079914147808,
100012275682984,
100007747898371,
100035817792770,
100043791300345,
100071133915430,
100037564681361,
100077271613831,
100088777044757,
100071401304400,
100042365115314,
100040223292831,
100081019764132,
100023327913133,
100058581822085,
100022887680806,
100088638069007,
100015315964205,
100073344905125,
100040942327804,
100053593684449,
100015268248834,
100070311013272,
100074535828641,
100044874245979,
100001035770596,
100035800731322,
100017289968650,
100017434240116,
100016622919232,
100083794623125,
100006805428351,
100006173377200,
100010817161647,
100088302624331,
100066585428610,
100006966758129,
100057684404071,
100024221316890,
100080494207306,
100034430460034,
100022109838805,
100056717631191,
100038095072240,
100017182231476,
100006488260562,
100044635065666,
100084286391839,
100030111093493,
100014639509267,
100077551847049,
100087597681966,
100024203021442,
100086926906200,
100029511461086,
100048488405283,
100075394665894,
100052249693259,
100075038162068,
100063887808966,
100002970636153,
100078087458885,
100005004819404,
100020495480729,
100085579905899,
100074240877660,
100029400063261,
100075958173367,
100080651926747,
100011441760622,
100045682320978,
100066676117058,
100085972147296,
100041964510595,
100025653640059,
100005751159612,
100025104542892,
100046960937485,
100058842903940,
100025710600999,
100007797882256,
100083466888926,
100024028958289,
100014994706466,
100033118642208,
100078750286503,
100012846464806,
100059074842222,
100030102760461,
100038776958910,
100069992047315,
100032858841633,
100013510571630,
100080042915474,
100069803112008,
100013167283876,
100078055477765,
100074063542435,
100071571649267,
100019182902323,
100005826164626,
100083671030657,
100055677803638,
100027860541771,
100005748187960,
100024296169815,
100083041794852,
100077027473409,
100013379654962,
100010278880529,
100015035796083,
100081436772432,
100024185024107,
100006063884421,
100076583593134,
100043085372985,
100004339261429,
100056424026808,
100010080131053,
100065431680964,
100075384995293,
100024533110339,
100024335866639,
100036077601910,
100045188709630,
100057113536051,
100066571518468,
100018705310754,
100013696184093,
100046833549987,
100044409067083,
100080752669736,
100040972689222,
100050336226146,
100003739456131,
100013862682272,
100038605687690,
100055369071005,
100024242592281,
100047177194882,
100008645234875,
100070093658937,
100057033472983,
100048741261582,
100047035389664,
100046944860697,
100041230454455,
100036132033194,
100024860838797,
100009680859417,
100006230047045,
100004963876514,
100000209865249,
100031555980201,
100033426594352,
100015231255186,
100023462614911,
100039306339490,
100034328169593,
100029014779101,
100028440173070,
100019694763330,
100012294318144,
100009427162585,
100009286032441,
100005103664938,
100004920312149,
100002132605292,
100023542270218,
100010447261413,
100007213324755,
100003619185595,
100010430532079,
100022937711897,
100015825018227,
100011729850354,
100008099493895,
100004037847538,
100008095933916,
100008001964823,
100007043358463,
100004319533103,
100003953188560,
100002978201813,
100015732668662,
100002237731667,
100003790908379,
100004036335903,
100010847142745,
100005937702848,
100008075197262,
100005469722160,
100009031149700,
100010366712326,
100013008188691,
100005475365348,
100010959094407,
100011597807462,
100006712337089,
100003927040327,
100003698635272,
100005744741479,
100005951743881,
100011413956161,
100010817530419,
100009373989736,
100007984236599,
100006768787265,
100006493401431,
100006350795563,
100006322983767,
100006282818776,
100005954255836,
100005850670101,
100005627531295,
100005610187861,
100005541964877,
100005527453538,
100005266181660,
100005127600203,
100004665391557,
100004469799422,
100004235172641,
100003940852090,
100001605654451,
1282369965,
1028820892,
100004150846486,
100004606720327,
100005658996463,
100007850950703,
100007245572124,
100002833850848,
100004684744548,
100006807063360,
100010854243229,
100006482430328,
100006470180381,
100003974359538,
100002936435692,
100006198813412,
100006474877241,
100008964609850,
100008365891055,
100007339380041,
100007122997687,
100006871412554,
100006252489823,
100005152212116,
100004970522897,
100004887520463,
100004779485044,
100004696448669,
100004625130434,
100004079851301,
100003779807618,
100003687480124,
100003278244759,
100006715663871,
100005918855685,
100000364465391,
100005935839975,
100004427262309,
100005733128296,
100000285287087,
100005631969955,
100004331322981,
100004730263489,
100004689366822,
100005285611057,
100005981707757,
100002907168431,
100006148241662,
100004706670670,
100004980551473,
100005870430351,
100005710958211,
100004943733344,
100005612498605,
100007195563539,
100004024437254,
100009443331180,
100005100849885,
100004410881225,
100006681438427,
100004937827262,
100003092628822,
100002602484260,
100006533910459,
100009758883645,
100009725774831,
100009649950773,
100009412778308,
100008412103395,
100007564501612,
100006359441684,
100005852044423,
100005741980005,
100005183112896,
100005181640060,
100005136064745,
100004433165938,
100004214986143,
100003755477438,
100003711311383,
100003129069089,
100000529437035,
100004863218640,
100004094499132,
100001902868578,
100006226149104,
100004020226342,
100009538873373,
100004764964746,
100004146240027,
100005270828507,
100004806077350,
100008336220064,
100010228597241,
100009809388800,
100009681485587,
100009471185642,
100008207041888,
100007193387005,
100006719835569,
100006522641786,
100006316593720,
100005781256452,
100005570435787,
100004885390563,
100004759477734,
100004487346709,
100004409352688,
100004191036601,
100004139983699,
100003827716229,
100004278402530,
100004087088650,
100007195514822,
100004514709781,
100008418633076,
100003368162117,
100008872383934,
100004180621692,
100010210536067,
100004918360518,
100003722265877,
100005677262653,
100004552680838,
100004366353822,
100003059734718,
1572358165,
100005795981615,
100004888060137,
100004515195020,
100005378041248,
100003581381248,
100001649299195,
100009726459708,
100006679710130,
100000220313374,
100001792554670,
100005526403630,
100003047807767,
100007543021753,
100002595010835,
100007690454628,
100004098253004,
100000818593814,
100004253140407,
100006296863866,
100007318662902,
100007203248014,
100006809820310,
100001089241467,
100006062223371,
100006881530277,
100004779909268,
100006542984249,
100004446039255,
100004456020238,
100006483444287,
100003726875442,
100004979561371,
100004059454442,
100004567446730,
100005791814249,
100000541513958,
100003209303738,
100005395870107,
100003594540120,
100004065075583,
100003034480524,
100004070744144,
100005224746978,
100002782219717,
100003978649932,
100004926402851,
100002576146801,
100004513032508,
100004662728803,
100004837231379,
100004079688899,
100004352971277,
100004642000194,
100004947840486,
100004701813374,
100004533249435,
100004341877733,
100004873535160,
100004756690879,
100004151611692,
100003994797047,
100003704826096,
100002791510121,
100001388486084,
100001291067100,
100000885862764,
100000383621634,
